{
  "images" : [
    {
      "idiom" : "universal",
      "scale" : "1x"
    },
    {
      "filename" : "PriceButton@2x.png",
      "idiom" : "universal",
      "resizing" : {
        "cap-insets" : {
          "left" : 10,
          "right" : 11
        },
        "center" : {
          "mode" : "tile",
          "width" : 1
        },
        "mode" : "3-part-horizontal"
      },
      "scale" : "2x"
    },
    {
      "filename" : "PriceButton@3x.png",
      "idiom" : "universal",
      "resizing" : {
        "cap-insets" : {
          "left" : 16,
          "right" : 16
        },
        "center" : {
          "mode" : "tile",
          "width" : 1
        },
        "mode" : "3-part-horizontal"
      },
      "scale" : "3x"
    }
  ],
  "info" : {
    "author" : "xcode",
    "version" : 1
  },
  "properties" : {
    "template-rendering-intent" : "template"
  }
}
